1	0.5 OZX100	2600		227	TENE BCOX100	2		461	0
2	1OZX100	2900		231	TENE BCOX100	2		382	0
3	1.5OZX100	3600		238	CU CRISX100	2		227	0
4	2.5OZX5100	3900		239	CU CRISX100	2		226	0
5	7TAMIX25	1700		241	CU CRISX20	2		73	130
6	9TAMIX25	2200		242	CU CRISX20	2		72	150
7	1CRISTX25	1800		244	CU COLORX20	2		320	200
8	3CRISTX12	1800		245	CU COLORX20	2		319	200
9	7CRISTX12	3200		247	CU PSMX100	2		267	200
10	9CRISTX12	3500		249	CU PSMX100	2		318	250
11	9CRISTX25	6500		330	MEZCLADOR	2		115	250
12	12CRISTX12	4500		331	MEZCLADOR	2		114	250
13	7COLORX12	2300		367	TRANS50CMDIS	2		113	250
14	4ICOPORX20	1300		368	TRANS50CMDIS	2		352	300
15	6ICOPORX20	1500		441	SOCO 12X5	2		315	300
16	8ICOPORX20	1900		442	SOCO 18X5	2		269	300
17	8ICOCON TX20	3100		449	SOCO 12X5	2		265	300
18	0.5SAMBAX50	1600		450	SOCO 18X5	2		112	300
19	1 SAMBAX50	1200		470	ROJO 12X200	2		281	350
20	2 SAMBAX50	1600		472	ROJO 12X200	2		120	350
21	3.5 IRISX50	1600		1	0.5 OZX100	1		270	400
22	5.5 BICX50	1800		2	1OZX100	1		268	400
23	7 SAMBAX50	1500		3	1.5OZX100	1		263	400
24	9 SAMBAX50	2800		4	2.5OZX5100	1		122	400
25	10 SAMBAX50	3000		5	7TAMIX25	1		121	400
26	12 SAMBAX50	3400		6	9TAMIX25	1		316	450
27	CAFE IRISX50	1700		7	1CRISTX25	1		123	450
28	CAFE BLCOX50	2200		8	3CRISTX12	1		111	450
29	7IRISX50	1600		9	7CRISTX12	1		503	500
30	4 SAMBAX25	1300		10	9CRISTX12	1		502	500
31	14 SAMBAX25	2500		11	9CRISTX25	1		321	500
32	16 SAMBAX25	2800		12	12CRISTX12	1		317	500
33	3.5WAUX50	1700		13	7COLORX12	1		280	500
34	5 WAU X50	1800		14	4ICOPORX20	1		110	500
35	7 WAU X50	1700		15	6ICOPORX20	1		108	500
36	9 WAU X50	2800		16	8ICOPORX20	1		91	500
37	10WAU X50	3000		17	8ICOCON TX20	1		71	500
38	12 WAU X50	3400		18	0.5SAMBAX50	1		310	600
39	13 WAU X25	2500		19	1 SAMBAX50	1		124	600
40	14 WAU X25	2600		20	2 SAMBAX50	1		109	650
41	16 WAU X25	2900		21	3.5 IRISX50	1		173	700
42	4 ICO X25	1400		22	5.5 BICX50	1		125	700
43	6 ICO X25	1600		23	7 SAMBAX50	1		386	800
44	8 ICO X20	1800		24	9 SAMBAX50	1		274	800
45	4 CARTB X50	3900		25	10 SAMBAX50	1		155	800
46	4 CARTIMPX50	4200		26	12 SAMBAX50	1		154	800
47	6 CARTBX50	4900		27	CAFE IRISX50	1		92	800
48	6 CARTIMPX50	5600		28	CAFE BLCOX50	1		330	900
49	9 CARTIMPX40	5600		29	7IRISX50	1		277	900
50	5 BLANCOX50	1500		30	4 SAMBAX25	1		272	900
51	5 COLORX50	1300		31	14 SAMBAX25	1		266	900
52	7 VACANX50	1700		32	16 SAMBAX25	1		174	900
53	9 VACANX50	2600		33	3.5WAUX50	1		126	900
54	12 VACANX50	3300		34	5 WAU X50	1		499	1000
55	7 TUCXJO	1800		35	7 WAU X50	1		273	1000
56	12 LITOX25	1300		36	9 WAU X50	1		256	1000
57	PLAT 5OZX20	1000		37	10WAU X50	1		127	1000
58	PLAT 12OZX20	1500		38	12 WAU X50	1		57	1000
59	PLAT 16OZX20	2000		39	13 WAU X25	1		156	1100
60	PLAT 25OZX20	3200		40	14 WAU X25	1		465	1200
61	PLAT 30OZX20	3600		41	16 WAU X25	1		434	1200
62	PLA 15.5 CM	1200		42	4 ICO X25	1		331	1200
63	PLATO 18 CM	2000		43	6 ICO X25	1		276	1200
64	PLATO 20 CM	2200		44	8 ICO X20	1		275	1200
65	PLATO 23 CM	2600		45	4 CARTB X50	1		271	1200
66	PLATO 26 CM	3200		46	4 CARTIMPX50	1		262	1200
67	P15.5TAMX20	1700		47	6 CARTBX50	1		252	1200
68	PLT18TAMX20	2600		48	6 CARTIMPX50	1		251	1200
69	PLT23TAMX20	5000		49	9 CARTIMPX40	1		250	1200
70	PLT25TAMX20	5800		50	5 BLANCOX50	1		235	1200
71	PLT3DVNE	500		51	5 COLORX50	1		234	1200
72	PLT15OZ NEG	150		52	7 VACANX50	1		233	1200
73	PLT 12OZ NEG	130		53	9 VACANX50	1		62	1200
74	P15.5CLRX12	3900		54	12 VACANX50	1		19	1200
75	PLT 16CRISX6	2600		55	7 TUCXJO	1		496	1300
76	PLT23CRISTX6	5900		56	12 LITOX25	1		314	1300
77	PETTCUADX24	8500		57	PLAT 5OZX20	1		312	1300
78	PETTCUCHX24	8500		58	PLAT 12OZX20	1		202	1300
79	PETTVASOX24	12000		59	PLAT 16OZX20	1		131	1300
80	CON.4ICOPX20	2500		60	PLAT 25OZX20	1		56	1300
81	CON.8ICOX20	3800		61	PLAT 30OZX20	1		51	1300
82	CON.12ICOX20	4300		62	PLA 15.5 CM	1		30	1300
83	CON.16OZX20	6000		63	PLATO 18 CM	1		14	1300
84	CON.24OZX20	7000		64	PLATO 20 CM	1		42	1400
85	DELI60ZX25	5800		65	PLATO 23 CM	1		415	1500
86	DELI 80ZX25	6000		66	PLATO 26 CM	1		387	1500
87	DELI12OZX25	6500		67	P15.5TAMX20	1		351	1500
88	DFLI160ZX25	7900		68	PLT18TAMX20	1		332	1500
89	DELI24OZX25	9800		69	PLT23TAMX20	1		325	1500
90	DELI32OZX25	10500		70	PLT25TAMX20	1		311	1500
91	BIO-C1	500		71	PLT3DVNE	1		279	1500
92	BIO-P1	800		72	PLT15OZ NEG	1		261	1500
93	PORTA-J1X20	3800		73	PLT 12OZ NEG	1		257	1500
94	PORTA-J2X20	3800		74	P15.5CLRX12	1		58	1500
95	PORTA-P1X20	3800		75	PLT 16CRISX6	1		50	1500
96	PORTA-P3X20	3800		76	PLT23CRISTX6	1		23	1500
97	B1 X50	6500		77	PETTCUADX24	1		15	1500
98	C1 X50	6000		78	PETTCUCHX24	1		297	1600
99	BANDEJA1X50	2000		79	PETTVASOX24	1		236	1600
100	BAND.1-1X50	2400		80	CON.4ICOPX20	1		160	1600
101	BAND 17X50	3800		81	CON.8ICOX20	1		157	1600
102	BAND 3X50	3000		82	CON.12ICOX20	1		137	1600
103	BAND 4X50	6000		83	CON.16OZX20	1		52	1600
104	BAND 6X50	7000		84	CON.24OZX20	1		43	1600
105	BAND 7X50	4800		85	DELI60ZX25	1		29	1600
106	BAND 8X50	7000		86	DELI 80ZX25	1		21	1600
107	BAND 25X25	8000		87	DELI12OZX25	1		20	1600
108	AIRPACKPERF	500		88	DFLI160ZX25	1		18	1600
109	"MIAMI 8"""	650		89	DELI24OZX25	1		210	1700
110	MINIPACK L	500		90	DELI32OZX25	1		161	1700
111	MIAMI 9	450		91	BIO-C1	1		158	1700
112	MINIPACK M	300		92	BIO-P1	1		67	1700
113	MINIPACK S	250		93	PORTA-J1X20	1		35	1700
114	TRIANG. 11-7	250		94	PORTA-J2X20	1		33	1700
115	TRIANG. 11-5	250		95	PORTA-P1X20	1		27	1700
116	VEN.3OZX20	4900		96	PORTA-P3X20	1		5	1700
117	VEN.5OZX20	5500		97	B1 X50	1		333	1800
118	VEN.8OZX50	21500		98	C1 X50	1		294	1800
119	VEN.8OZX20	9000		99	BANDEJA1X50	1		224	1800
120	SELLOPLUS 8	350		100	BAND.1-1X50	1		203	1800
121	SELLOPLUS8AL	400		101	BAND 17X50	1		175	1800
122	SELLOPLUS12	400		102	BAND 3X50	1		55	1800
123	SELLOPLUS16	450		103	BAND 4X50	1		44	1800
124	SELLOPLUS 24	600		104	BAND 6X50	1		34	1800
125	SELLOPLUS32	700		105	BAND 7X50	1		22	1800
126	SELLOPLUS48	900		106	BAND 8X50	1		8	1800
127	SELLOPLUS64	1000		107	BAND 25X25	1		7	1800
128	ALUMN 7MTS	2100		108	AIRPACKPERF	1		497	1900
129	ALUMN 16MTS	4200		109	"MIAMI 8"""	1		296	1900
130	ALUM 40MTS	8900		110	MINIPACK L	1		138	1900
131	VINIPEL20MTS	1300		111	MIAMI 9	1		16	1900
132	VINIPEL50MTS	2700		112	MINIPACK M	1		476	2000
133	VINIPE100MTS	5000		113	MINIPACK S	1		420	2000
134	VINIPE200MTS	10000		114	TRIANG. 11-7	1		416	2000
135	VINIPE300MTS	14500		115	TRIANG. 11-5	1		395	2000
136	VINIPE500MTS	22000		116	VEN.3OZX20	1		329	2000
137	BOLSA 1.5KL	1600		117	VEN.5OZX20	1		313	2000
138	BOLSA 2KL	1900		118	VEN.8OZX50	1		306	2000
139	BOLSA 3KL	2500		119	VEN.8OZX20	1		305	2000
140	BOLSA 5KL	3400		120	SELLOPLUS 8	1		304	2000
141	BOLSA 10KL	4500		121	SELLOPLUS8AL	1		159	2000
142	BOLSA 15KL	5100		122	SELLOPLUS12	1		146	2000
143	BOLSA 20KL	6500		123	SELLOPLUS16	1		99	2000
144	BOLSA 25KL	7900		124	SELLOPLUS 24	1		63	2000
145	BOLSA 30KL	9500		125	SELLOPLUS32	1		59	2000
146	R17	2000		126	SELLOPLUS48	1		498	2100
147	R19	2300		127	SELLOPLUS64	1		176	2100
148	R21	2700		128	ALUMN 7MTS	1		162	2100
149	R22	2700		129	ALUMN 16MTS	1		128	2100
150	R23	3000		130	ALUM 40MTS	1		477	2200
151	R25	4000		131	VINIPEL20MTS	1		413	2200
152	R35	5200		132	VINIPEL50MTS	1		408	2200
153	PIZZA	4000		133	VINIPE100MTS	1		403	2200
154	BOLSA CUB	800		134	VINIPE200MTS	1		388	2200
155	BOLSA 1/2	800		135	VINIPE300MTS	1		346	2200
156	BOLSA 1LB	1100		136	VINIPE500MTS	1		293	2200
157	BOLA 6X11	1600		137	BOLSA 1.5KL	1		264	2200
158	BOLSA 6X14	1700		138	BOLSA 2KL	1		260	2200
159	BOLSA 6X16	2000		139	BOLSA 3KL	1		259	2200
160	BOLSA 7X10	1600		140	BOLSA 5KL	1		245	2200
161	BOLSA 7X12	1700		141	BOLSA 10KL	1		244	2200
162	BOLSA 7X14	2100		142	BOLSA 15KL	1		243	2200
163	BOLSA 7X16	2400		143	BOLSA 20KL	1		242	2200
164	BOLSA 8X12	2400		144	BOLSA 25KL	1		241	2200
165	BOLSA 8X14	2500		145	BOLSA 30KL	1		240	2200
166	BOLSA 8X16	2800		146	R17	1		229	2200
167	BOLSA 9X14	3000		147	R19	1		228	2200
168	BOLSA 10X16	3900		148	R21	1		225	2200
169	BOLSA 12X16	4200		149	R22	1		220	2200
170	BOLSA 12X18	4500		150	R23	1		211	2200
171	BOLSA14X20	6500		151	R25	1		64	2200
172	BOLSA 16X24	7500		152	R35	1		28	2200
173	LECHOSA 1/2	700		153	PIZZA	1		6	2200
174	LECHOSA 1LB	900		154	BOLSA CUB	1		478	2300
175	LECHOSA7X10	1800		155	BOLSA 1/2	1		340	2300
176	LECHOSA 8X12	2100		156	BOLSA 1LB	1		246	2300
177	LECHOSA 9X14	2500		157	BOLA 6X11	1		204	2300
178	LECHOSA10X16	3200		158	BOLSA 6X14	1		147	2300
179	LECHOSA12X16	3500		159	BOLSA 6X16	1		13	2300
180	LECHOSA12X18	3800		160	BOLSA 7X10	1		495	2400
181	LECHOSA14X20	5000		161	BOLSA 7X12	1		186	2400
182	LECHOSA16X24	7000		162	BOLSA 7X14	1		164	2400
183	CLB 5X9	2500		163	BOLSA 7X16	1		163	2400
184	CLB 6X11	3500		164	BOLSA 8X12	1		100	2400
185	CLB 12X18	25000		165	BOLSA 8X14	1		507	2500
186	CH 4X3	2400		166	BOLSA 8X16	1		322	2500
187	CH 5X6	2700		167	BOLSA 9X14	1		283	2500
188	CH 6X9	3200		168	BOLSA 10X16	1		183	2500
189	CH 8X10	3900		169	BOLSA 12X16	1		177	2500
190	CH 8X14	4200		170	BOLSA 12X18	1		165	2500
191	CH 10X14	4800		171	BOLSA14X20	1		139	2500
192	CH 12X14	5000		172	BOLSA 16X24	1		80	2500
193	CH 14X14	5500		173	LECHOSA 1/2	1		39	2500
194	CH 14X18	7800		174	LECHOSA 1LB	1		31	2500
195	CH 14X22	10000		175	LECHOSA7X10	1		348	2600
196	CH 15X20	9500		176	LECHOSA 8X12	1		341	2600
197	CH 18X22	11000		177	LECHOSA 9X14	1		75	2600
198	CH 20X24	13000		178	LECHOSA10X16	1		68	2600
199	CH 20X30	18500		179	LECHOSA12X16	1		65	2600
200	CH25X36	26000		180	LECHOSA12X18	1		53	2600
201	CH 30X40	30000		181	LECHOSA14X20	1		40	2600
202	KRAFT 1/2	1300		182	LECHOSA16X24	1		1	2600
203	KRAFT 1	1800		183	CLB 5X9	1		308	2700
204	KRAFT 2	2300		184	CLB 6X11	1		307	2700
205	KRAFT 3	2900		185	CLB 12X18	1		187	2700
206	KRAFT 4	3500		186	CH 4X3	1		149	2700
207	KRAFT 6	4700		187	CH 5X6	1		148	2700
208	KRAFT 12	6800		188	CH 6X9	1		132	2700
209	KRAFT 25	12500		189	CH 8X10	1		334	2800
210	TIPO DX7	1700		190	CH 8X14	1		166	2800
211	TIPO CX7	2200		191	CH 10X14	1		36	2800
212	TIPO A1X7	3200		192	CH 12X14	1		32	2800
213	TIPO AX7	3700		193	CH 14X14	1		24	2800
214	TIPO BX7	5000		194	CH 14X18	1		344	2900
215	TIPO EX7	8000		195	CH 14X22	1		205	2900
216	TIPO E2X7	8000		196	CH 15X20	1		41	2900
217	A1X7BLCA	3700		197	CH 18X22	1		2	2900
218	B1X7BLACA	5300		198	CH 20X24	1		349	3000
219	E2X7BLCA	8500		199	CH 20X30	1		347	3000
220	40X60X7	2200		200	CH25X36	1		342	3000
221	65X85X7	3700		201	CH 30X40	1		167	3000
222	1X120X5NEG29	5500		202	KRAFT 1/2	1		150	3000
223	1X120X25COLR	6500		203	KRAFT 1	1		102	3000
224	C/ITATAMI100	1800		204	KRAFT 2	1		37	3000
225	C/ITAROJA100	2200		205	KRAFT 3	1		25	3000
226	C/ITAAZUL100	2200		206	KRAFT 4	1		17	3100
227	TENE BCOX100	1800		207	KRAFT 6	1		432	3200
228	TEN ROJOX100	2200		208	KRAFT 12	1		309	3200
229	TEN AZULX100	2200		209	KRAFT 25	1		212	3200
230	CU BLCAX100	4400		210	TIPO DX7	1		188	3200
231	TENE BCOX100	4400		211	TIPO CX7	1		178	3200
232	CU BCOX100	4400		212	TIPO A1X7	1		66	3200
233	TEN BCOX20	1200		213	TIPO AX7	1		60	3200
234	CU BLCOX20	1200		214	TIPO BX7	1		9	3200
235	CUCHA BCOX20	1200		215	TIPO EX7	1		417	3300
236	C/ITACRISX20	1600		216	TIPO E2X7	1		298	3300
237	TEN CRISX100	7800		217	A1X7BLCA	1		54	3300
238	CU CRISX100	7800		218	B1X7BLACA	1		421	3400
239	CU CRISX100	7800		219	E2X7BLCA	1		343	3400
240	TEN CRISX20	2200		220	40X60X7	1		300	3400
241	CU CRISX20	2200		221	65X85X7	1		140	3400
242	CU CRISX20	2200		222	1X120X5NEG29	1		38	3400
243	TEN COLORX20	2200		223	1X120X25COLR	1		26	3400
244	CU COLORX20	2200		224	C/ITATAMI100	1		509	3500
245	CU COLORX20	2200		225	C/ITAROJA100	1		508	3500
246	C/ITAPSMX100	2300		226	C/ITAAZUL100	1		424	3500
247	CU PSMX100	3500		228	TEN ROJOX100	1		396	3500
248	TEN PSMX100	3500		229	TEN AZULX100	1		390	3500
249	CU PSMX100	3500		230	CU BLCAX100	1		335	3500
250	TEN PSMX20	1200		232	CU BCOX100	1		327	3500
251	C/LLOPSMX20	1200		233	TEN BCOX20	1		295	3500
252	CU PSMX20	1200		234	CU BLCOX20	1		249	3500
253	TE RUMBAX10	5000		235	CUCHA BCOX20	1		248	3500
254	C/RA RUMBX10	5000		236	C/ITACRISX20	1		247	3500
255	C/LLORUMBX10	5000		237	TEN CRISX100	1		206	3500
256	PLATO12CX20	1000		240	TEN CRISX20	1		184	3500
257	TARRO PEQUE	1500		243	TEN COLORX20	1		179	3500
258	TARRO GRANDE	4000		246	C/ITAPSMX100	1		10	3500
259	DOMCIRC33X12	2200		248	TEN PSMX100	1		510	3600
260	DOMALTV28X12	2200		250	TEN PSMX20	1		433	3600
261	BAS34X145X12	1500		251	C/LLOPSMX20	1		350	3600
262	B.RE21X16X12	1200		252	CU PSMX20	1		61	3600
263	D.No6 B.No17	400		253	TE RUMBAX10	1		3	3600
264	D.No6 B.25	2200		254	C/RA RUMBX10	1		221	3700
265	DBL USO TAPA	300		255	C/LLORUMBX10	1		217	3700
266	BAREC20.5X12	900		256	PLATO12CX20	1		213	3700
267	D.No3C B.No1	200		257	TARRO PEQUE	1		180	3800
268	T WISE	400		258	TARRO GRANDE	1		101	3800
269	CORA ZONE P	300		259	DOMCIRC33X12	1		96	3800
270	CORAZONE GDS	400		260	DOMALTV28X12	1		95	3800
271	BA CIRBU17X6	1200		261	BAS34X145X12	1		94	3800
272	DNo6 BAU.No3	900		262	B.RE21X16X12	1		93	3800
273	D PLAT 12OZ	1000		263	D.No6 B.No17	1		81	3800
274	CON ALT 24OZ	800		264	D.No6 B.25	1		345	3900
275	DOM PLAT23OZ	1200		265	DBL USO TAPA	1		323	3900
276	DOM PLA3DIV	1200		266	BAREC20.5X12	1		189	3900
277	FLIPACK PEQ	900		267	D.No3C B.No1	1		168	3900
278	FLIPACK GDE	6000		268	T WISE	1		74	3900
279	DOMCIR25.5X5	1500		269	CORA ZONE P	1		45	3900
280	DOM PLAT15.5	500		270	CORAZONE GDS	1		4	3900
281	CONTEN PARIS	350		271	BA CIRBU17X6	1		449	4000
282	ENSA FRUTX25	10000		272	DNo6 BAU.No3	1		441	4000
283	BANANERASX15	2500		273	D PLAT 12OZ	1		418	4000
284	SOBRE COPA	15000		274	CON ALT 24OZ	1		412	4000
285	VS 300ZRMX12	5000		275	DOM PLAT23OZ	1		409	4000
286	CP VIN RMX8	8500		276	DOM PLA3DIV	1		404	4000
287	COPAPREMIX12	13000		277	FLIPACK PEQ	1		389	4000
288	COPA VINX20	5000		278	FLIPACK GDE	1		336	4000
289	TOALLA NATUR	5500		279	DOMCIR25.5X5	1		303	4000
290	TOALLA B/CO	6500		280	DOM PLAT15.5	1		258	4000
291	WPALL X 70	36000		281	CONTEN PARIS	1		153	4000
292	WPALL X80	48000		282	ENSA FRUTX25	1		151	4000
293	FAVORITA 320	2200		283	BANANERASX15	1		422	4200
294	TISSY X100	1800		284	SOBRE COPA	1		353	4200
295	FAM DECX100	3500		285	VS 300ZRMX12	1		190	4200
296	CAFETE X 100	1900		286	CP VIN RMX8	1		169	4200
297	1 A 1 X100	1600		287	COPAPREMIX12	1		129	4200
298	SUAVEGOLDX40	3300		288	COPA VINX20	1		46	4200
299	SUAVEGOLX200	13000		289	TOALLA NATUR	1		82	4300
300	FAMILIAX450	3400		290	TOALLA B/CO	1		232	4400
301	TOALL COLTI	4500		291	WPALL X 70	1		231	4400
302	MULTIUSOSX2	8500		292	WPALL X80	1		230	4400
303	PRACTIDIAX2	4000		293	FAVORITA 320	1		301	4500
304	ACOLCHAMASX1	2000		294	TISSY X100	1		170	4500
305	PINCHO15X100	2000		295	FAM DECX100	1		141	4500
306	PINCHO20X100	2000		296	CAFETE X 100	1		12	4500
307	PINCHO25X100	2700		297	1 A 1 X100	1		207	4700
308	PIN/ZO25X100	2700		298	SUAVEGOLDX40	1		191	4800
309	PIN/ZO30X100	3200		299	SUAVEGOLX200	1		105	4800
310	PALILLO PAND	600		300	FAMILIAX450	1		116	4900
311	PALILLO BB	1500		301	TOALL COLTI	1		47	4900
312	PALILLO COCT	1300		302	MULTIUSOSX2	1		506	5000
313	FOSFOROX2	2000		303	PRACTIDIAX2	1		494	5000
314	PALOPALEX100	1300		304	ACOLCHAMASX1	1		493	5000
315	LASAGNA 160Z	300		305	PINCHO15X100	1		491	5000
316	MOLDE 24OZ	450		306	PINCHO20X100	1		450	5000
317	MOLDE 28 OZ	500		307	PINCHO25X100	1		442	5000
318	JUNIOR	250		308	PIN/ZO25X100	1		391	5000
319	LECHE ASADA	200		309	PIN/ZO30X100	1		355	5000
320	MUFFIS P	200		310	PALILLO PAND	1		288	5000
321	MUFF CON TAP	500		311	PALILLO BB	1		285	5000
322	MOLDE MUFFIS	2500		312	PALILLO COCT	1		255	5000
323	MEZCLA CAJA	3900		313	FOSFOROX2	1		254	5000
324	CA PITI 73/4	7500		314	PALOPALEX100	1		253	5000
325	PITILLO NEON	1500		315	LASAGNA 160Z	1		214	5000
326	PITILLO CART	6500		316	MOLDE 24OZ	1		192	5000
327	PITILLO ECO	3500		317	MOLDE 28 OZ	1		181	5000
328	PITI CA ECO	7000		318	JUNIOR	1		133	5000
329	PITILLOBOLSA	2000		319	LECHE ASADA	1		69	5000
330	MEZCLADOR	900		320	MUFFIS P	1		142	5100
331	MEZCLADOR	1200		321	MUFF CON TAP	1		152	5200
332	BM 020	1500		322	MOLDE MUFFIS	1		218	5300
333	BM 030	1800		323	MEZCLA CAJA	1		481	5500
334	BM 040	2800		324	CA PITI 73/4	1		429	5500
335	BM 045	3500		325	PITILLO NEON	1		425	5500
336	BM 055	4000		326	PITILLO CART	1		354	5500
337	MOLDE OND	7000		327	PITILLO ECO	1		289	5500
338	BM 070	6000		328	PITI CA ECO	1		222	5500
339	BM 100	8000		329	PITILLOBOLSA	1		193	5500
340	2 OZX 100 AC	2300		332	BM 020	1		117	5500
341	4 OZX50 AC	2600		333	BM 030	1		49	5600
342	9 OZX50 AC	3000		334	BM 040	1		48	5600
343	14 OZX50 AC	3400		335	BM 045	1		383	5800
344	0.5 X100 AJ	2900		336	BM 055	1		85	5800
345	1 1/2 X100AJ	3900		337	MOLDE OND	1		70	5800
346	7 OZ X50 AJ	2200		338	BM 070	1		394	5900
347	9 OZX50 AJ	3000		339	BM 100	1		76	5900
348	3.5 OZX50WAW	2600		340	2 OZX 100 AC	1		492	6000
349	90ZX50 WAW	3000		341	4 OZX50 AC	1		482	6000
350	140ZX50 WAW	3600		342	9 OZX50 AC	1		410	6000
351	3.5 X6	1500		343	14 OZX50 AC	1		407	6000
352	5X10	300		344	0.5 X100 AJ	1		406	6000
353	6X15	4200		345	1 1/2 X100AJ	1		401	6000
354	8X15	5500		346	7 OZ X50 AJ	1		400	6000
355	10X15	5000		347	9 OZX50 AJ	1		399	6000
356	9X20	6500		348	3.5 OZX50WAW	1		398	6000
357	13X20	7500		349	90ZX50 WAW	1		397	6000
358	17X19	9000		350	140ZX50 WAW	1		393	6000
359	15X30	11000		351	3.5 X6	1		338	6000
360	20 X30	13000		352	5X10	1		278	6000
361	TRANS12.5ANT	9000		353	6X15	1		103	6000
362	TRANS15CMANT	11000		354	8X15	1		98	6000
363	TRANS30CMANT	23000		355	10X15	1		86	6000
364	TRANS45CMANT	32000		356	9X20	1		83	6000
365	TRANS50CMANT	36000		357	13X20	1		479	6200
366	TRANS25CMDIS	14000		358	17X19	1		426	6200
367	TRANS50CMDIS	23000		359	15X30	1		490	6500
368	TRANS50CMDIS	32000		360	20 X30	1		489	6500
369	NEG20 25CMAN	23000		361	TRANS12.5ANT	1		356	6500
370	NEG20 50CMAN	42000		362	TRANS15CMANT	1		326	6500
371	NEG20 25CMDI	23000		363	TRANS30CMANT	1		290	6500
372	NEG20 50CMDI	44000		364	TRANS45CMANT	1		223	6500
373	CLB12X400MTSD	15500		365	TRANS50CMANT	1		171	6500
374	CLB312X500MT	19500		366	TRANS25CMDIS	1		143	6500
375	CLB312X900MT	38000		369	NEG20 25CMAN	1		97	6500
376	CLB312X1000M	41000		370	NEG20 50CMAN	1		87	6500
377	CLB312X2000M	72000		371	NEG20 25CMDI	1		11	6500
378	CLB512X1000M	82000		372	NEG20 50CMDI	1		480	6800
379	CLB512X2000M	12000		373	CLB12X400MTSD	1		208	6800
380	GRAPA	7500		374	CLB312X500MT	1		337	7000
381	CINPEL20X500	28000		375	CLB312X900MT	1		328	7000
382	PNC3AMA24X50	3000		376	CLB312X1000M	1		182	7000
383	C3AMA 48X50	5800		377	CLB312X2000M	1		106	7000
384	C3AMA 72X50	9000		378	CLB512X1000M	1		104	7000
385	C3AMA 96X50	14000		379	CLB512X2000M	1		84	7000
386	POLI12X20 CO	800		380	GRAPA	1		483	7500
387	12X50 COOL	1500		381	CINPEL20X500	1		419	7500
388	24X100 COL	2200		382	PNC3AMA24X50	1		380	7500
389	48X100 COL	4000		383	C3AMA 48X50	1		357	7500
390	36X100 COL	3500		384	C3AMA 72X50	1		324	7500
391	60X100 COL	5000		385	C3AMA 96X50	1		172	7500
392	48X200 COL	8000		386	POLI12X20 CO	1		239	7800
393	72X100	6000		387	12X50 COOL	1		238	7800
394	96X50	5900		388	24X100 COL	1		237	7800
395	12X100 CLR	2000		389	48X100 COL	1		194	7800
396	24X100	3500		390	36X100 COL	1		144	7900
397	48X100 BCA	6000		391	60X100 COL	1		88	7900
398	48X100 AMA	6000		392	48X200 COL	1		484	8000
399	48X100 ROJO	6000		393	72X100	1		468	8000
400	48X100 VERDE	6000		394	96X50	1		423	8000
401	48X100 AZUL	6000		395	12X100 CLR	1		414	8000
402	72X100 VERDE	9000		396	24X100	1		405	8000
403	48X50 P	2200		397	48X100 BCA	1		392	8000
404	48X100 P	4000		398	48X100 AMA	1		339	8000
405	48X200 P	8000		399	48X100 ROJO	1		216	8000
406	72X100 P	6000		400	48X100 VERDE	1		215	8000
407	48X100 CA P	6000		401	48X100 AZUL	1		107	8000
408	24X100 WA	2200		402	72X100 VERDE	1		302	8500
409	48X100 WA	4000		403	48X50 P	1		286	8500
410	72X100 WA	6000		404	48X100 P	1		219	8500
411	96X100 WA	9000		405	48X200 P	1		78	8500
412	53380 48X100	4000		406	72X100 P	1		77	8500
413	53380 24X100	2200		407	48X100 CA P	1		130	8900
414	53380 48X200	8000		408	24X100 WA	1		504	9000
415	12X20 COLBON	1500		409	48X100 WA	1		485	9000
416	12X24 COLBON	2000		410	72X100 WA	1		452	9000
417	18X40 COLBON	3300		411	96X100 WA	1		411	9000
418	24X40 COLBON	4000		412	53380 48X100	1		402	9000
419	48X40 COLBON	7500		413	53380 24X100	1		384	9000
420	12X40 T4349	2000		414	53380 48X200	1		361	9000
421	18X40 T4349	3400		415	12X20 COLBON	1		358	9000
422	24X40 T4349	4200		416	12X24 COLBON	1		119	9000
423	48X40 T4349	8000		417	18X40 COLBON	1		196	9500
424	12X40 3M3F	3500		418	24X40 COLBON	1		145	9500
425	18X40 3M3F	5500		419	48X40 COLBON	1		89	9800
426	24X40 3M3F	6200		420	12X40 T4349	1		505	10000
427	36X40 3M3F	10000		421	18X40 T4349	1		427	10000
428	48X40 3M3F	13000		422	24X40 T4349	1		282	10000
429	12x55 VERDE	5500		423	48X40 T4349	1		195	10000
430	24X55 VERDE	12500		424	12X40 3M3F	1		134	10000
431	48X55 VERDE	25000		425	18X40 3M3F	1		90	10500
432	101+18X40	3200		426	24X40 3M3F	1		486	11000
433	101+24X40	3600		427	36X40 3M3F	1		469	11000
434	6MX40M	1200		428	48X40 3M3F	1		362	11000
435	4965CDBL6X50	14500		429	12x55 VERDE	1		359	11000
436	4965 12X50	23000		430	24X55 VERDE	1		197	11000
437	4965 18X50	44000		431	48X55 VERDE	1		457	12000
438	4965 25X50	61500		432	101+18X40	1		379	12000
439	SOCO 12X50	20000		433	101+24X40	1		79	12000
440	SOCO 18X50	35000		434	6MX40M	1		430	12500
441	SOCO 12X5	4000		435	4965CDBL6X50	1		209	12500
442	SOCO 18X5	5000		436	4965 12X50	1		501	13000
443	SOCO 24X50	35000		437	4965 18X50	1		500	13000
444	4957 12X25	26000		438	4965 25X50	1		428	13000
445	4957 18X25	38000		439	SOCO 12X50	1		360	13000
446	603 12X25	19000		440	SOCO 18X50	1		299	13000
447	603 18X25	25000		443	SOCO 24X50	1		287	13000
448	TESA 12X25	32000		444	4957 12X25	1		198	13000
449	SOCO 12X5	4000		445	4957 18X25	1		473	14000
450	SOCO 18X5	5000		446	603 12X25	1		472	14000
451	FANTAPE12X50	40000		447	603 18X25	1		471	14000
452	TISSUSO12X50	9000		448	TESA 12X25	1		470	14000
453	TISSUSO24X50	15500		451	FANTAPE12X50	1		385	14000
454	56389EP50X50	40000		452	TISSUSO12X50	1		366	14000
455	4663PRO50X48	50000		453	TISSUSO24X50	1		435	14500
456	56389 50X25	25000		454	56389EP50X50	1		135	14500
457	GRIS 48X 10	12000		455	4663PRO50X48	1		284	15000
458	ROJO 48X30	20000		456	56389 50X25	1		453	15500
459	VERDE 24X50	25000		457	GRIS 48X 10	1		373	15500
460	VERDE 48X50	50000		458	ROJO 48X30	1		487	17000
461	NEGRA 48X50	50000		459	VERDE 24X50	1		464	18000
462	AMARILL48X302	18000		460	VERDE 48X50	1		462	18000
463	AMARILL72X33	28000		461	NEGRA 48X50	1		199	18500
464	BLANCO 48X33	18000		462	AMARILL48X302	1		446	19000
465	IMPRESA12X1	1200		463	AMARILL72X33	1		374	19500
466	DISPESAD 2	33000		464	BLANCO 48X33	1		474	20000
467	DISPENSA 3	48000		465	IMPRESA12X1	1		458	20000
468	12X150 SOCO	8000		466	DISPESAD 2	1		439	20000
469	12X200 TESA	11000		467	DISPENSA 3	1		118	21500
470	ROJO 12X200	14000		468	12X150 SOCO	1		136	22000
471	AMARI 12X200	14000		469	12X200 TESA	1		436	23000
472	ROJO 12X200	14000		471	AMARI 12X200	1		371	23000
473	AZUL 12X200	14000		473	AZUL 12X200	1		369	23000
474	48X5 NEGRA	20000		474	48X5 NEGRA	1		367	23000
475	FOTO 50X25NG	180000		475	FOTO 50X25NG	1		363	23000
476	8X12	2000		476	8X12	1		459	25000
477	7X15	2200		477	7X15	1		456	25000
478	9X15	2300		478	9X15	1		447	25000
479	20X25	6200		479	20X25	1		431	25000
480	18X30	6800		480	18X30	1		185	25000
481	850 CM	5500		481	850 CM	1		444	26000
482	120CM	6000		482	120CM	1		200	26000
483	2 LITROS	7500		483	2 LITROS	1		463	28000
484	4 LITROS	8000		484	4 LITROS	1		381	28000
485	7 LITROS	9000		485	7 LITROS	1		201	30000
486	10 LITROS	11000		486	10 LITROS	1		488	32000
487	20 LITROS	17000		487	20 LITROS	1		448	32000
488	40 LITROS	32000		488	40 LITROS	1		368	32000
489	ENCENDEDOR	6500		489	ENCENDEDOR	1		364	32000
490	BASE CAFETER	6500		490	BASE CAFETER	1		466	33000
491	VINIPEL6X200	5000		491	VINIPEL6X200	1		443	35000
492	TRAN1.50CLB4	6000		492	TRAN1.50CLB4	1		440	35000
493	NEO 1.50CLB4	5000		493	NEO 1.50CLB4	1		365	36000
494	RECU1.50CLB4	5000		494	RECU1.50CLB4	1		291	36000
495	GRANDE 150	2400		495	GRANDE 150	1		445	38000
496	PEQUEÑA 150	1300		496	PEQUEÑA 150	1		375	38000
497	1.20 METROS	1900		497	1.20 METROS	1		454	40000
498	1.30 METROS	2100		498	1.30 METROS	1		451	40000
499	GUANTE	1000		499	GUANTE	1		376	41000
500	TAPABOCAX50	13000		500	TAPABOCAX50	1		370	42000
501	GORROX50	13000		501	GORROX50	1		437	44000
502	TAPABOCAX1	500		502	TAPABOCAX1	1		372	44000
503	GORROX1	500		503	GORROX1	1		467	48000
504	PH ECO	9000		504	PH ECO	1		292	48000
505	PH B/CO	10000		505	PH B/CO	1		460	50000
506	COLBON MADER	5000		506	COLBON MADER	1		455	50000
507	PEGA STICK	2500		507	PEGA STICK	1		438	61500
508	CIN A NEGRA	3500		508	CIN A NEGRA	1		377	72000
509	CIN A BLANCA	3500		509	CIN A BLANCA	1		378	82000
510	CIN A COLOR	3600		510	CIN A COLOR	1		475	180000
